ImagePath,Caption
../frames/tubing_55s/frame_0000.jpg,cuff on lower arm. tube facing down. cuff on right arm
../frames/tubing_55s/frame_0001.jpg,cuff in hand
../frames/tubing_55s/frame_0002.jpg,cuff in hand
../frames/tubing_55s/frame_0003.jpg,cuff in hand
../frames/tubing_55s/frame_0004.jpg,cuff on upper arm 2 inches above the elbow. tube facing down. cuff on right arm
../frames/tubing_55s/frame_0005.jpg,cuff on lower arm. tube facing down. cuff on right arm. adjusting cuff
../frames/tubing_55s/frame_0006.jpg,cuff on lower arm. tube facing down. cuff on right arm
../frames/tubing_55s/frame_0007.jpg,cuff on lower arm. tube facing down. cuff on right arm
../frames/tubing_55s/frame_0008.jpg,cuff on lower arm. tube facing down. cuff on right arm
../frames/tubing_55s/frame_0009.jpg,cuff on lower arm. tube facing down. cuff on right arm
../frames/tubing_55s/frame_0010.jpg,cuff on lower arm. tube facing down. cuff on right arm
../frames/tubing_55s/frame_0011.jpg,cuff in hand. cuff on lower arm
../frames/tubing_55s/frame_0012.jpg,cuff on lower arm. tube facing down. cuff on right arm
../frames/tubing_55s/frame_0013.jpg,cuff on lower arm. tube facing down. cuff on right arm
../frames/tubing_55s/frame_0014.jpg,cuff on lower arm. tube facing down. cuff on right arm
../frames/tubing_55s/frame_0015.jpg,cuff on lower arm. tube facing down. cuff on right arm
../frames/tubing_55s/frame_0016.jpg,cuff on lower arm. tube facing down. cuff on right arm
../frames/tubing_55s/frame_0017.jpg,cuff on lower arm. tube facing down. cuff on right arm
../frames/tubing_55s/frame_0018.jpg,cuff on lower arm. tube facing down. cuff on right arm
../frames/tubing_55s/frame_0019.jpg,cuff on lower arm. tube facing down. cuff on right arm
../frames/tubing_55s/frame_0020.jpg,cuff on lower arm. tube facing down. cuff on right arm
../frames/tubing_55s/frame_0021.jpg,cuff on lower arm. tube facing down. cuff on right arm
../frames/tubing_55s/frame_0022.jpg,cuff on lower arm. tube facing down. cuff on right arm
../frames/tubing_55s/frame_0023.jpg,cuff on lower arm. tube facing down. cuff on right arm
../frames/tubing_55s/frame_0024.jpg,cuff on lower arm. tube facing down. cuff on right arm. adjusting cuff
../frames/tubing_55s/frame_0025.jpg,cuff on lower arm. tube facing down. cuff on right arm
../frames/tubing_55s/frame_0026.jpg,cuff on lower arm. tube facing down. cuff on right arm
../frames/tubing_55s/frame_0027.jpg,cuff in hand. cuff on lower arm
../frames/tubing_55s/frame_0028.jpg,cuff in hand. cuff on lower arm
../frames/tubing_55s/frame_0029.jpg,cuff on lower arm. tube facing down. cuff on right arm. adjusting cuff
../frames/tubing_55s/frame_0030.jpg,cuff in hand. cuff on lower arm
../frames/tubing_55s/frame_0031.jpg,cuff on lower arm. tube facing down. cuff on right arm. adjusting cuff
../frames/tubing_55s/frame_0032.jpg,cuff on lower arm. tube facing down. cuff on right arm. adjusting cuff
../frames/tubing_55s/frame_0033.jpg,cuff on elbow. tube facing down. cuff on right arm
../frames/tubing_55s/frame_0034.jpg,cuff in hand. adjusting cuff
../frames/tubing_55s/frame_0035.jpg,cuff on upper arm 2 inches above the elbow. tube facing down. cuff on right arm. adjusting cuff
../frames/tubing_55s/frame_0036.jpg,cuff on elbow. tube facing down. cuff on right arm
../frames/tubing_55s/frame_0037.jpg,cuff on upper arm 2 inches above the elbow. tube facing down. cuff on right arm. adjusting cuff
../frames/tubing_55s/frame_0038.jpg,cuff on elbow. tube facing down. cuff on right arm
../frames/tubing_55s/frame_0039.jpg,cuff on elbow. tube facing down. cuff on right arm
../frames/tubing_55s/frame_0040.jpg,cuff on upper arm 2 inches above the elbow. tube facing down. cuff on right arm. adjusting cuff
../frames/tubing_55s/frame_0041.jpg,cuff on elbow. tube facing down. cuff on right arm
../frames/tubing_55s/frame_0042.jpg,cuff on elbow. tube facing down. cuff on right arm
../frames/tubing_55s/frame_0043.jpg,cuff on upper arm 2 inches above the elbow. tube facing down. cuff on right arm. adjusting cuff
../frames/tubing_55s/frame_0044.jpg,cuff on upper arm 2 inches above the elbow. tube facing down. cuff on right arm. adjusting cuff
../frames/tubing_55s/frame_0045.jpg,cuff on elbow. tube facing down. cuff on right arm. adjusting cuff
../frames/tubing_55s/frame_0046.jpg,cuff on lower arm. tube facing down. cuff on right arm
../frames/tubing_55s/frame_0047.jpg,cuff on lower arm. tube facing down. cuff on right arm. adjusting cuff
../frames/tubing_55s/frame_0048.jpg,cuff on elbow. tube facing down. cuff on right arm
../frames/tubing_55s/frame_0049.jpg,cuff on elbow. tube facing down. cuff on right arm
../frames/tubing_55s/frame_0050.jpg,cuff on lower arm. tube facing down. cuff on right arm. adjusting cuff
../frames/tubing_55s/frame_0051.jpg,cuff in hand. cuff on lower arm
../frames/tubing_55s/frame_0052.jpg,cuff on elbow. tube facing down. cuff on right arm
../frames/tubing_55s/frame_0053.jpg,cuff on elbow. tube facing down. cuff on right arm
../frames/tubing_55s/frame_0054.jpg,cuff on lower arm. tube facing down. cuff on right arm. adjusting cuff
../frames/tubing_55s/frame_0055.jpg,cuff on lower arm. tube facing down. cuff on right arm
../frames/tubing_55s/frame_0056.jpg,cuff on lower arm. tube facing down. cuff on right arm
../frames/tubing_55s/frame_0057.jpg,cuff on lower arm. tube facing down. cuff on right arm
../frames/tubing_55s/frame_0058.jpg,cuff in hand. cuff on lower arm
../frames/tubing_55s/frame_0059.jpg,cuff in hand. cuff on lower arm
../frames/tubing_55s/frame_0060.jpg,cuff on lower arm. tube facing down. cuff on right arm
../frames/tubing_55s/frame_0061.jpg,cuff in hand. cuff on lower arm
../frames/tubing_55s/frame_0062.jpg,cuff on lower arm. tube facing down. cuff on right arm
../frames/tubing_55s/frame_0063.jpg,cuff on lower arm. tube facing down. cuff on right arm
../frames/tubing_55s/frame_0064.jpg,cuff in hand. cuff on lower arm
../frames/tubing_55s/frame_0065.jpg,cuff on lower arm. tube facing down. cuff on right arm
../frames/tubing_55s/frame_0066.jpg,cuff on elbow. tube facing down. cuff on right arm
../frames/tubing_55s/frame_0067.jpg,cuff on elbow. tube facing down. cuff on right arm
../frames/tubing_55s/frame_0068.jpg,cuff on lower arm. tube facing down. cuff on right arm
../frames/tubing_55s/frame_0069.jpg,cuff on upper arm 2 inches above the elbow. tube facing down. cuff on right arm
../frames/tubing_55s/frame_0070.jpg,cuff on lower arm. tube facing down. cuff on right arm
../frames/tubing_55s/frame_0071.jpg,cuff on lower arm. tube facing down. cuff on right arm
../frames/tubing_55s/frame_0072.jpg,cuff on lower arm. tube facing down. cuff on right arm
../frames/tubing_55s/frame_0073.jpg,cuff on elbow. tube facing down. cuff on right arm
../frames/tubing_55s/frame_0074.jpg,cuff on lower arm. tube facing down. cuff on right arm
../frames/tubing_55s/frame_0075.jpg,cuff in hand. cuff on lower arm
../frames/tubing_55s/frame_0076.jpg,cuff on elbow. tube facing down. cuff on right arm
../frames/tubing_55s/frame_0077.jpg,cuff in hand. cuff on lower arm
../frames/tubing_55s/frame_0078.jpg,cuff in hand. cuff on lower arm
../frames/tubing_55s/frame_0079.jpg,cuff on elbow. tube facing down. cuff on right arm
../frames/tubing_55s/frame_0080.jpg,cuff on elbow. tube facing down. cuff on right arm
../frames/tubing_55s/frame_0081.jpg,cuff on elbow. tube facing down. cuff on right arm
../frames/tubing_55s/frame_0082.jpg,cuff on elbow. tube facing down. cuff on right arm
../frames/tubing_55s/frame_0083.jpg,cuff on elbow. tube facing down. cuff on right arm
../frames/tubing_55s/frame_0084.jpg,cuff on elbow. tube facing down. cuff on right arm
../frames/tubing_55s/frame_0085.jpg,cuff on elbow. tube facing down. cuff on right arm
../frames/tubing_55s/frame_0086.jpg,cuff on elbow. tube facing down. cuff on right arm
../frames/tubing_55s/frame_0087.jpg,cuff on elbow. tube facing down. cuff on right arm
../frames/tubing_55s/frame_0088.jpg,cuff on lower arm. tube facing down. cuff on right arm
../frames/tubing_55s/frame_0089.jpg,cuff in hand. cuff on lower arm
../frames/tubing_55s/frame_0090.jpg,cuff on lower arm. tube facing down. cuff on right arm
../frames/tubing_55s/frame_0091.jpg,cuff on lower arm. tube facing down. cuff on right arm
../frames/tubing_55s/frame_0092.jpg,cuff on lower arm. tube facing down. cuff on right arm
../frames/tubing_55s/frame_0093.jpg,cuff on lower arm. tube facing down. cuff on right arm
../frames/tubing_55s/frame_0094.jpg,cuff on lower arm. tube facing down. cuff on right arm
../frames/tubing_55s/frame_0095.jpg,cuff on lower arm. tube facing down. cuff on right arm. adjusting cuff
../frames/tubing_55s/frame_0096.jpg,cuff on lower arm. tube facing down. cuff on right arm. adjusting cuff
../frames/tubing_55s/frame_0097.jpg,cuff on elbow. tube facing down. cuff on right arm
../frames/tubing_55s/frame_0098.jpg,cuff on elbow. tube facing down. cuff on right arm
../frames/tubing_55s/frame_0099.jpg,cuff on elbow. tube facing down. cuff on right arm
../frames/tubing_55s/frame_0100.jpg,cuff on elbow. tube facing down. cuff on right arm
../frames/tubing_55s/frame_0101.jpg,cuff on elbow. tube facing down. cuff on right arm
../frames/tubing_55s/frame_0102.jpg,cuff on elbow. tube facing down. cuff on right arm
../frames/tubing_55s/frame_0103.jpg,cuff in hand. cuff on lower arm
../frames/tubing_55s/frame_0104.jpg,cuff on lower arm. tube facing down. cuff on right arm
../frames/tubing_55s/frame_0105.jpg,cuff in hand. adjusting cuff
../frames/tubing_55s/frame_0106.jpg,cuff on elbow. tube facing down. cuff on right arm
../frames/tubing_55s/frame_0107.jpg,cuff on lower arm. tube facing down. cuff on right arm. adjusting cuff
../frames/tubing_55s/frame_0108.jpg,cuff on lower arm. tube facing down. cuff on right arm. adjusting cuff
../frames/tubing_55s/frame_0109.jpg,cuff on lower arm. tube facing down. cuff on right arm. adjusting cuff
../frames/tubing_55s/frame_0110.jpg,cuff on lower arm. tube facing down. cuff on right arm. adjusting cuff
../frames/tubing_55s/frame_0111.jpg,cuff on lower arm. tube facing down. cuff on right arm. adjusting cuff
../frames/tubing_55s/frame_0112.jpg,cuff on lower arm. tube facing down. cuff on right arm. adjusting cuff
../frames/tubing_55s/frame_0113.jpg,cuff on lower arm. tube facing down. cuff on right arm. adjusting cuff
../frames/tubing_55s/frame_0114.jpg,cuff on lower arm. tube facing down. cuff on right arm
../frames/tubing_55s/frame_0115.jpg,cuff on lower arm. tube facing down. cuff on right arm
../frames/tubing_55s/frame_0116.jpg,cuff on lower arm. tube facing down. cuff on right arm
../frames/tubing_55s/frame_0117.jpg,cuff on lower arm. tube facing down. cuff on right arm
../frames/tubing_55s/frame_0118.jpg,cuff on lower arm. tube facing down. cuff on right arm. adjusting cuff
../frames/tubing_55s/frame_0119.jpg,cuff in hand. cuff on lower arm
../frames/tubing_55s/frame_0120.jpg,cuff in hand. cuff on lower arm
../frames/tubing_55s/frame_0121.jpg,cuff in hand. cuff on lower arm
../frames/tubing_55s/frame_0122.jpg,cuff on lower arm. tube facing down. cuff on right arm. adjusting cuff
../frames/tubing_55s/frame_0123.jpg,cuff in hand. cuff on lower arm
../frames/tubing_55s/frame_0124.jpg,cuff in hand. cuff on lower arm
../frames/tubing_55s/frame_0125.jpg,cuff on lower arm. tube facing down. cuff on right arm. adjusting cuff
../frames/tubing_55s/frame_0126.jpg,cuff on lower arm. tube facing down. cuff on right arm. adjusting cuff
../frames/tubing_55s/frame_0127.jpg,cuff on elbow. tube facing down. cuff on right arm
../frames/tubing_55s/frame_0128.jpg,cuff on elbow. tube facing down. cuff on right arm
../frames/tubing_55s/frame_0129.jpg,cuff on elbow. tube facing down. cuff on right arm
../frames/tubing_55s/frame_0130.jpg,cuff on elbow. tube facing down. cuff on right arm
../frames/tubing_55s/frame_0131.jpg,cuff in hand. cuff on lower arm
../frames/tubing_55s/frame_0132.jpg,cuff on lower arm. tube facing down. cuff on right arm. adjusting cuff
../frames/tubing_55s/frame_0133.jpg,cuff on lower arm. tube facing down. cuff on right arm. adjusting cuff
../frames/tubing_55s/frame_0134.jpg,cuff on elbow. tube facing down. cuff on right arm
../frames/tubing_55s/frame_0135.jpg,cuff on elbow. tube facing down. cuff on right arm
../frames/tubing_55s/frame_0136.jpg,cuff on elbow. tube facing down. cuff on right arm
../frames/tubing_55s/frame_0137.jpg,cuff in hand. cuff on lower arm
../frames/tubing_55s/frame_0138.jpg,cuff on lower arm. tube facing down. cuff on right arm. adjusting cuff
../frames/tubing_55s/frame_0139.jpg,cuff on lower arm. tube facing down. cuff on right arm
../frames/tubing_55s/frame_0140.jpg,cuff in hand. cuff on lower arm
../frames/tubing_55s/frame_0141.jpg,cuff in hand. cuff on lower arm
../frames/tubing_55s/frame_0142.jpg,cuff in hand. cuff on lower arm
../frames/tubing_55s/frame_0143.jpg,cuff on upper arm 2 inches above the elbow. tube facing down. cuff on right arm. adjusting cuff
../frames/tubing_55s/frame_0144.jpg,cuff on elbow. tube facing down. cuff on right arm
../frames/tubing_55s/frame_0145.jpg,cuff on lower arm. tube facing down. cuff on right arm
../frames/tubing_55s/frame_0146.jpg,cuff on lower arm. tube facing down. cuff on right arm
../frames/tubing_55s/frame_0147.jpg,cuff on lower arm. tube facing down. cuff on right arm
../frames/tubing_55s/frame_0148.jpg,cuff on lower arm. tube facing down. cuff on right arm
../frames/tubing_55s/frame_0149.jpg,cuff in hand. cuff on lower arm
../frames/tubing_55s/frame_0150.jpg,cuff in hand. cuff on lower arm
../frames/tubing_55s/frame_0151.jpg,cuff on lower arm. tube facing down. cuff on right arm. adjusting cuff
../frames/tubing_55s/frame_0152.jpg,cuff in hand. cuff on lower arm
../frames/tubing_55s/frame_0153.jpg,cuff in hand. adjusting cuff
../frames/tubing_55s/frame_0154.jpg,cuff on upper arm 2 inches above the elbow. tube facing down. cuff on right arm. adjusting cuff
../frames/tubing_55s/frame_0155.jpg,cuff on elbow. tube facing down. cuff on right arm
../frames/tubing_55s/frame_0156.jpg,cuff on elbow. tube facing down. cuff on right arm
../frames/tubing_55s/frame_0157.jpg,cuff on elbow. tube facing down. cuff on right arm
../frames/tubing_55s/frame_0158.jpg,cuff on lower arm. tube facing down. cuff on right arm
../frames/tubing_55s/frame_0159.jpg,cuff on lower arm. tube facing down. cuff on right arm
../frames/tubing_55s/frame_0160.jpg,cuff on lower arm. tube facing down. cuff on right arm
../frames/tubing_55s/frame_0161.jpg,cuff on lower arm. tube facing down. cuff on right arm
../frames/tubing_55s/frame_0162.jpg,cuff on lower arm. tube facing down. cuff on right arm
../frames/tubing_55s/frame_0163.jpg,cuff on elbow. tube facing down. cuff on right arm
../frames/tubing_55s/frame_0164.jpg,cuff on lower arm. tube facing down. cuff on right arm
../frames/tubing_55s/frame_0165.jpg,cuff on lower arm. tube facing down. cuff on right arm
../frames/tubing_55s/frame_0166.jpg,cuff on elbow. tube facing down. cuff on right arm
../frames/tubing_55s/frame_0167.jpg,cuff on lower arm. tube facing down. cuff on right arm
../frames/tubing_55s/frame_0168.jpg,cuff on lower arm. tube facing down. cuff on right arm
../frames/tubing_55s/frame_0169.jpg,cuff on lower arm. tube facing down. cuff on right arm
../frames/tubing_55s/frame_0170.jpg,cuff on elbow. tube facing down. cuff on right arm
../frames/tubing_55s/frame_0171.jpg,cuff on elbow. tube facing down. cuff on right arm
../frames/tubing_55s/frame_0172.jpg,cuff on lower arm. tube facing down. cuff on right arm
../frames/tubing_55s/frame_0173.jpg,cuff on lower arm. tube facing down. cuff on right arm
../frames/tubing_55s/frame_0174.jpg,cuff on elbow. tube facing down. cuff on right arm
../frames/tubing_55s/frame_0175.jpg,cuff on elbow. tube facing down. cuff on right arm
../frames/tubing_55s/frame_0176.jpg,cuff on lower arm. tube facing down. cuff on right arm. adjusting cuff
../frames/tubing_55s/frame_0177.jpg,cuff on lower arm. tube facing down. cuff on right arm
../frames/tubing_55s/frame_0178.jpg,cuff in hand. cuff on lower arm
../frames/tubing_55s/frame_0179.jpg,cuff on lower arm. tube facing down. cuff on right arm. adjusting cuff
../frames/tubing_55s/frame_0180.jpg,cuff on upper arm 2 inches above the elbow. tube facing down. cuff on right arm
../frames/tubing_55s/frame_0181.jpg,cuff on lower arm. tube facing down. cuff on right arm. adjusting cuff
../frames/tubing_55s/frame_0182.jpg,cuff on lower arm. tube facing down. cuff on right arm. adjusting cuff
../frames/tubing_55s/frame_0183.jpg,cuff on upper arm 2 inches above the elbow. tube facing down. cuff on right arm
../frames/tubing_55s/frame_0184.jpg,cuff in hand. adjusting cuff
../frames/tubing_55s/frame_0185.jpg,cuff on lower arm. tube facing down. cuff on right arm
../frames/tubing_55s/frame_0186.jpg,cuff on lower arm. tube facing down. cuff on right arm
../frames/tubing_55s/frame_0187.jpg,cuff on lower arm. tube facing down. cuff on right arm
../frames/tubing_55s/frame_0188.jpg,cuff on lower arm. tube facing down. cuff on right arm
../frames/tubing_55s/frame_0189.jpg,cuff on lower arm. tube facing down. cuff on right arm. adjusting cuff
../frames/tubing_55s/frame_0190.jpg,cuff in hand. cuff on lower arm
../frames/tubing_55s/frame_0191.jpg,cuff in hand. cuff on lower arm
../frames/tubing_55s/frame_0192.jpg,cuff on lower arm. tube facing down. cuff on right arm. adjusting cuff
../frames/tubing_55s/frame_0193.jpg,cuff in hand. cuff on lower arm
../frames/tubing_55s/frame_0194.jpg,cuff on elbow. tube facing down. cuff on right arm
../frames/tubing_55s/frame_0195.jpg,cuff on elbow. tube facing down. cuff on right arm
../frames/tubing_55s/frame_0196.jpg,cuff on elbow. tube facing down. cuff on right arm
../frames/tubing_55s/frame_0197.jpg,cuff in hand. cuff on lower arm
../frames/tubing_55s/frame_0198.jpg,cuff on elbow. tube facing down. cuff on right arm
../frames/tubing_55s/frame_0199.jpg,cuff on elbow. tube facing down. cuff on right arm
../frames/tubing_55s/frame_0200.jpg,cuff in hand. cuff on lower arm
../frames/tubing_55s/frame_0201.jpg,cuff in hand. cuff on lower arm
../frames/tubing_55s/frame_0202.jpg,cuff in hand. cuff on lower arm
../frames/tubing_55s/frame_0203.jpg,cuff on elbow. tube facing down. cuff on right arm
../frames/tubing_55s/frame_0204.jpg,cuff on lower arm. tube facing down. cuff on right arm. adjusting cuff
../frames/tubing_55s/frame_0205.jpg,cuff on upper arm 2 inches above the elbow. tube facing down. cuff on right arm
../frames/tubing_55s/frame_0206.jpg,cuff on upper arm 2 inches above the elbow. tube facing down. cuff on right arm
../frames/tubing_55s/frame_0207.jpg,cuff on upper arm 2 inches above the elbow. tube facing down. cuff on right arm
../frames/tubing_55s/frame_0208.jpg,cuff on upper arm 2 inches above the elbow. tube facing down. cuff on right arm
../frames/tubing_55s/frame_0209.jpg,cuff on lower arm. tube facing down. cuff on right arm
../frames/tubing_55s/frame_0210.jpg,cuff on upper arm 2 inches above the elbow. tube facing down. cuff on right arm
../frames/tubing_55s/frame_0211.jpg,cuff on upper arm 2 inches above the elbow. tube facing down. cuff on right arm
../frames/tubing_55s/frame_0212.jpg,cuff on lower arm. tube facing down. cuff on right arm. adjusting cuff
../frames/tubing_55s/frame_0213.jpg,cuff in hand. cuff on lower arm
../frames/tubing_55s/frame_0214.jpg,cuff on lower arm. tube facing down. cuff on right arm
../frames/tubing_55s/frame_0215.jpg,cuff on lower arm. tube facing down. cuff on right arm. adjusting cuff
../frames/tubing_55s/frame_0216.jpg,cuff on upper arm 2 inches above the elbow. tube facing down. cuff on right arm
../frames/tubing_55s/frame_0217.jpg,cuff on lower arm. tube facing down. cuff on right arm. adjusting cuff
../frames/tubing_55s/frame_0218.jpg,cuff on lower arm. tube facing down. cuff on right arm
../frames/tubing_55s/frame_0219.jpg,cuff on lower arm. tube facing down. cuff on right arm
../frames/tubing_55s/frame_0220.jpg,cuff on lower arm. tube facing down. cuff on right arm
../frames/tubing_55s/frame_0221.jpg,cuff on lower arm. tube facing down. cuff on right arm
../frames/tubing_55s/frame_0222.jpg,cuff on lower arm. tube facing down. cuff on right arm. adjusting cuff
../frames/tubing_55s/frame_0223.jpg,cuff on lower arm. tube facing down. cuff on right arm. adjusting cuff
../frames/tubing_55s/frame_0224.jpg,cuff on lower arm. tube facing down. cuff on right arm. adjusting cuff
../frames/tubing_55s/frame_0225.jpg,cuff in hand. cuff on lower arm
../frames/tubing_55s/frame_0226.jpg,cuff on lower arm. tube facing down. cuff on right arm. adjusting cuff
../frames/tubing_55s/frame_0227.jpg,cuff in hand. cuff on lower arm
../frames/tubing_55s/frame_0228.jpg,cuff on lower arm. tube facing down. cuff on right arm
../frames/tubing_55s/frame_0229.jpg,cuff on elbow. tube facing down. cuff on right arm
../frames/tubing_55s/frame_0230.jpg,cuff on upper arm 2 inches above the elbow. tube facing down. cuff on right arm
../frames/tubing_55s/frame_0231.jpg,cuff on elbow. tube facing down. cuff on right arm
../frames/tubing_55s/frame_0232.jpg,cuff on elbow. tube facing down. cuff on right arm
../frames/tubing_55s/frame_0233.jpg,cuff on elbow. tube facing down. cuff on right arm
../frames/tubing_55s/frame_0234.jpg,cuff on elbow. tube facing down. cuff on right arm
../frames/tubing_55s/frame_0235.jpg,cuff on elbow. tube facing down. cuff on right arm
../frames/tubing_55s/frame_0236.jpg,cuff on elbow. tube facing down. cuff on right arm
../frames/tubing_55s/frame_0237.jpg,cuff on elbow. tube facing down. cuff on right arm
../frames/tubing_55s/frame_0238.jpg,cuff on elbow. tube facing down. cuff on right arm
../frames/tubing_55s/frame_0239.jpg,cuff on elbow. tube facing down. cuff on right arm
../frames/tubing_55s/frame_0240.jpg,cuff on elbow. tube facing down. cuff on right arm
../frames/tubing_55s/frame_0241.jpg,cuff on elbow. tube facing down. cuff on right arm
../frames/tubing_55s/frame_0242.jpg,cuff on elbow. tube facing down. cuff on right arm
../frames/tubing_55s/frame_0243.jpg,cuff on elbow. tube facing down. cuff on right arm
../frames/tubing_55s/frame_0244.jpg,cuff on elbow. tube facing down. cuff on right arm
../frames/tubing_55s/frame_0245.jpg,cuff on elbow. tube facing down. cuff on right arm
../frames/tubing_55s/frame_0246.jpg,cuff on elbow. tube facing down. cuff on right arm
../frames/tubing_55s/frame_0247.jpg,cuff on elbow. tube facing down. cuff on right arm
../frames/tubing_55s/frame_0248.jpg,cuff on elbow. tube facing down. cuff on right arm
../frames/tubing_55s/frame_0249.jpg,cuff on elbow. tube facing down. cuff on right arm
../frames/tubing_55s/frame_0250.jpg,cuff on elbow. tube facing down. cuff on right arm
../frames/tubing_55s/frame_0251.jpg,cuff on elbow. tube facing down. cuff on right arm
../frames/tubing_55s/frame_0252.jpg,cuff on elbow. tube facing down. cuff on right arm
../frames/tubing_55s/frame_0253.jpg,cuff on elbow. tube facing down. cuff on right arm
../frames/tubing_55s/frame_0254.jpg,cuff on lower arm. tube facing down. cuff on right arm
../frames/tubing_55s/frame_0255.jpg,cuff on elbow. tube facing down. cuff on right arm
../frames/tubing_55s/frame_0256.jpg,cuff on lower arm. tube facing down. cuff on right arm. adjusting cuff
../frames/tubing_55s/frame_0257.jpg,cuff in hand. cuff on lower arm
../frames/tubing_55s/frame_0258.jpg,cuff in hand. cuff on lower arm
../frames/tubing_55s/frame_0259.jpg,cuff on lower arm. tube facing down. cuff on right arm. adjusting cuff
../frames/tubing_55s/frame_0260.jpg,cuff on upper arm 2 inches above the elbow. tube facing down. cuff on right arm
../frames/tubing_55s/frame_0261.jpg,cuff in hand. cuff on lower arm
../frames/tubing_55s/frame_0262.jpg,cuff on lower arm. tube facing down. cuff on right arm
../frames/tubing_55s/frame_0263.jpg,cuff on lower arm. tube facing down. cuff on right arm
../frames/tubing_55s/frame_0264.jpg,cuff on lower arm. tube facing down. cuff on right arm. adjusting cuff
../frames/tubing_55s/frame_0265.jpg,cuff on lower arm. tube facing down. cuff on right arm. adjusting cuff
../frames/tubing_55s/frame_0266.jpg,cuff in hand. cuff on lower arm
../frames/tubing_55s/frame_0267.jpg,cuff on lower arm. tube facing down. cuff on right arm. adjusting cuff
../frames/tubing_55s/frame_0268.jpg,cuff on elbow. tube facing down. cuff on right arm
../frames/tubing_55s/frame_0269.jpg,cuff on lower arm. tube facing down. cuff on right arm
../frames/tubing_55s/frame_0270.jpg,cuff on lower arm. tube facing down. cuff on right arm. adjusting cuff
../frames/tubing_55s/frame_0271.jpg,cuff on lower arm. tube facing down. cuff on right arm. adjusting cuff
../frames/tubing_55s/frame_0272.jpg,cuff on lower arm. tube facing down. cuff on right arm. adjusting cuff
../frames/tubing_55s/frame_0273.jpg,cuff on lower arm. tube facing down. cuff on right arm. adjusting cuff
../frames/tubing_55s/frame_0274.jpg,cuff on lower arm. tube facing down. cuff on right arm. adjusting cuff
../frames/tubing_55s/frame_0275.jpg,cuff on lower arm. tube facing down. cuff on right arm
../frames/tubing_55s/frame_0276.jpg,cuff on lower arm. tube facing down. cuff on right arm. adjusting cuff
../frames/tubing_55s/frame_0277.jpg,cuff on lower arm. tube facing down. cuff on right arm. adjusting cuff
../frames/tubing_55s/frame_0278.jpg,cuff on lower arm. tube facing down. cuff on right arm. adjusting cuff
../frames/tubing_55s/frame_0279.jpg,cuff on elbow. tube facing down. cuff on right arm
../frames/tubing_55s/frame_0280.jpg,cuff on left arm. cuff on lower arm. tube facing down. adjusting cuff
../frames/tubing_55s/frame_0281.jpg,cuff on elbow. tube facing down. cuff on right arm
../frames/tubing_55s/frame_0282.jpg,cuff on elbow. tube facing down. cuff on right arm
../frames/tubing_55s/frame_0283.jpg,cuff on left arm. cuff on lower arm. tube facing down. adjusting cuff
../frames/tubing_55s/frame_0284.jpg,cuff on left arm. cuff on lower arm. tube facing down. adjusting cuff
../frames/tubing_55s/frame_0285.jpg,cuff on elbow. tube facing down. cuff on right arm
../frames/tubing_55s/frame_0286.jpg,cuff on elbow. tube facing down. cuff on right arm
../frames/tubing_55s/frame_0287.jpg,cuff on elbow. tube facing down. cuff on right arm
../frames/tubing_55s/frame_0288.jpg,cuff on elbow. tube facing down. cuff on right arm
../frames/tubing_55s/frame_0289.jpg,cuff on elbow. tube facing down. cuff on right arm
../frames/tubing_55s/frame_0290.jpg,cuff on elbow. tube facing down. cuff on right arm
../frames/tubing_55s/frame_0291.jpg,cuff on elbow. tube facing down. cuff on right arm
../frames/tubing_55s/frame_0292.jpg,cuff on elbow. tube facing down. cuff on right arm
../frames/tubing_55s/frame_0293.jpg,cuff on elbow. tube facing down. cuff on right arm
../frames/tubing_55s/frame_0294.jpg,cuff on elbow. tube facing down. cuff on right arm
../frames/tubing_55s/frame_0295.jpg,cuff on elbow. tube facing down. cuff on right arm
../frames/tubing_55s/frame_0296.jpg,cuff on elbow. tube facing down. cuff on right arm
../frames/tubing_55s/frame_0297.jpg,cuff on elbow. tube facing down. cuff on right arm
../frames/tubing_55s/frame_0298.jpg,cuff on lower arm. tube facing down. cuff on right arm. adjusting cuff
../frames/tubing_55s/frame_0299.jpg,cuff on lower arm. tube facing down. cuff on right arm. adjusting cuff
../frames/tubing_55s/frame_0300.jpg,cuff on elbow. tube facing down. cuff on right arm
../frames/tubing_55s/frame_0301.jpg,cuff on lower arm. tube facing down. cuff on right arm. adjusting cuff
../frames/tubing_55s/frame_0302.jpg,cuff in hand. cuff on lower arm
../frames/tubing_55s/frame_0303.jpg,cuff on lower arm. tube facing down. cuff on right arm. adjusting cuff
../frames/tubing_55s/frame_0304.jpg,cuff in hand. cuff on lower arm
../frames/tubing_55s/frame_0305.jpg,cuff in hand. cuff on lower arm
../frames/tubing_55s/frame_0306.jpg,cuff on lower arm. tube facing down. cuff on right arm
../frames/tubing_55s/frame_0307.jpg,cuff on lower arm. tube facing down. cuff on right arm. adjusting cuff
../frames/tubing_55s/frame_0308.jpg,cuff in hand. adjusting cuff
../frames/tubing_55s/frame_0309.jpg,cuff on lower arm. tube facing down. cuff on right arm. adjusting cuff
../frames/tubing_55s/frame_0310.jpg,cuff on lower arm. tube facing down. cuff on right arm. adjusting cuff
../frames/tubing_55s/frame_0311.jpg,cuff on lower arm. tube facing down. cuff on right arm. adjusting cuff
../frames/tubing_55s/frame_0312.jpg,cuff on lower arm. tube facing down. cuff on right arm. adjusting cuff
../frames/tubing_55s/frame_0313.jpg,cuff on lower arm. tube facing down. cuff on right arm. adjusting cuff
../frames/tubing_55s/frame_0314.jpg,cuff on lower arm. tube facing down. cuff on right arm
../frames/tubing_55s/frame_0315.jpg,cuff on lower arm. tube facing down. cuff on right arm. adjusting cuff
../frames/tubing_55s/frame_0316.jpg,cuff on lower arm. tube facing down. cuff on right arm. adjusting cuff
../frames/tubing_55s/frame_0317.jpg,cuff on lower arm. tube facing down. cuff on right arm. adjusting cuff
../frames/tubing_55s/frame_0318.jpg,cuff on lower arm. tube facing down. cuff on right arm. adjusting cuff
../frames/tubing_55s/frame_0319.jpg,cuff on lower arm. tube facing down. cuff on right arm. adjusting cuff
../frames/tubing_55s/frame_0320.jpg,cuff in hand. cuff on lower arm
../frames/tubing_55s/frame_0321.jpg,cuff on elbow. tube facing down. cuff on right arm
../frames/tubing_55s/frame_0322.jpg,cuff on elbow. tube facing down. cuff on right arm
../frames/tubing_55s/frame_0323.jpg,cuff on elbow. tube facing down. cuff on right arm
../frames/tubing_55s/frame_0324.jpg,cuff on elbow. tube facing down. cuff on right arm
../frames/tubing_55s/frame_0325.jpg,cuff on elbow. tube facing down. cuff on right arm
../frames/tubing_55s/frame_0326.jpg,cuff on elbow. tube facing down. cuff on right arm
../frames/tubing_55s/frame_0327.jpg,cuff on elbow. tube facing down. cuff on right arm
../frames/tubing_55s/frame_0328.jpg,cuff on elbow. tube facing down. cuff on right arm
../frames/tubing_55s/frame_0329.jpg,cuff on elbow. tube facing down. cuff on right arm
../frames/tubing_55s/frame_0330.jpg,cuff on elbow. tube facing down. cuff on right arm
